{"cameraMode":{"drawMode":0,"name":"Shaded","section":"Shading Mode"},"sceneLighting":false,"audioPlay":false,"sceneViewState":{"m_AlwaysRefresh":false,"showFog":true,"showSkybox":false,"showFlares":true,"showImageEffects":true,"showParticleSystems":true,"showVisualEffectGraphs":true,"m_FxEnabled":true},"in2DMode":false,"pivot":{"x":19.270999908447267,"y":1.6399999856948853,"z":51.40999984741211},"rotation":{"x":-0.003239439567551017,"y":-0.9884164929389954,"z":0.15180666744709016,"w":-0.020737046375870706},"size":1.2247447967529297,"orthographic":false}